[
	{
		"studentid":"053638463",
		"subjectname":"math",
		"points": 4.62,
		"fullname":"שרון מזרחי",
		"bio":"אני שרון, לומד במגמות מדעי המחשב ופיזיקה, 5יחל מתמטיקה ואנגלית",
		"profile_img":null,
		"grade":11,
		"gender":"F",
		"rate":5,
		"pupilGender":null,
		"starttime":"12:00:00",
		"endtime":"15:00:00"
	},
	{
		"studentid":"063778463",
		"subjectname":"math",
		"points":5,
		"fullname":"דני מועלם",
		"bio":"Hi Im 10th grader",
		"profile_img":null,
		"grade":10,
		"gender":"M",
		"rate":5,
		"pupilGender":null,
		"starttime":"12:00:00",
		"endtime":"15:00:00"
	},
	{
		"studentid":"254638563",
		"subjectname":"math",
		"points":5,"fullname":"אורי גיץ",
		"bio":"Hi Im 12th grader",
		"profile_img":null,
		"grade":12,
		"gender":"M",
		"rate":5,
		"pupilGender":null,
		"starttime":"12:00:00",
		"endtime":"15:00:00"
	},
	{
		"studentid":"365485536",
		"subjectname":"math",
		"points":5,
		"fullname":"שירה לוי",
		"bio":"Hi Im 11th grader",
		"profile_img":null,
		"grade":11,
		"gender":"F",
		"rate":5,
		"pupilGender":null,
		"starttime":"12:00:00",
		"endtime":"15:00:00"
	},
	{
		"studentid":"361285536",
		"subjectname":"history",
		"points":4.5,
		"fullname":"שמעון הגבר",
		"bio":"Hi Im 11th grader",
		"profile_img":null,
		"grade":11,
		"gender":"F",
		"rate":5,
		"pupilGender":null,
		"starttime":"12:00:00",
		"endtime":"15:00:00"
	}
]